Name,Contact_Number,Email,City,Role
Aarav Mehta,9000010001,aarav.mehta@testmail.com,Mumbai,Student
Riya Sharma,9000010002,riya.sharma@testmail.com,Delhi,Intern
Kunal Verma,9000010003,kunal.verma@testmail.com,Bengaluru,Developer
Ananya Iyer,9000010004,ananya.iyer@testmail.com,Chennai,Analyst
Rohit Singh,9000010005,rohit.singh@testmail.com,Pune,Engineer
Sneha Kulkarni,9000010006,sneha.k@testmail.com,Nagpur,Designer
Aditya Rao,9000010007,aditya.rao@testmail.com,Hyderabad,Researcher
Pooja Nair,9000010008,pooja.nair@testmail.com,Kochi,Student
Arjun Patel,9000010009,arjun.patel@testmail.com,Ahmedabad,Startup Founder
Neha Gupta,9000010010,neha.gupta@testmail.com,Jaipur,HR
Siddharth Malhotra,9000010011,siddharth.m@testmail.com,Delhi,Consultant
Kavya Reddy,9000010012,kavya.reddy@testmail.com,Bengaluru,Product Manager
Rahul Chatterjee,9000010013,rahul.c@testmail.com,Kolkata,Data Analyst
Ishita Banerjee,9000010014,ishita.b@testmail.com,Kolkata,Student
Vikram Joshi,9000010015,vikram.j@testmail.com,Indore,Mechanical Engineer
Nikhil Deshpande,9000010016,nikhil.d@testmail.com,Nashik,Automation Engineer
Tanvi Shah,9000010017,tanvi.shah@testmail.com,Surat,UI Designer
Manav Kapoor,9000010018,manav.k@testmail.com,Chandigarh,Marketing Exec
Aditi Mishra,9000010019,aditi.m@testmail.com,Prayagraj,Content Writer
Yash Agrawal,9000010020,yash.a@testmail.com,Noida,Software Tester
Mehul Jain,9000010021,mehul.j@testmail.com,Udaipur,Business Analyst
Simran Kaur,9000010022,simran.k@testmail.com,Amritsar,Student
Pranav Kulkarni,9000010023,pranav.k@testmail.com,Kolhapur,Backend Dev
Sanya Arora,9000010024,sanya.arora@testmail.com,Gurgaon,Recruiter
Rakesh Sinha,9000010025,rakesh.s@testmail.com,Patna,Operations Lead
Lavanya Menon,9000010026,lavanya.m@testmail.com,Trivandrum,UX Researcher
Harsh Vardhan,9000010027,harsh.v@testmail.com,Kanpur,IoT Engineer
Nandini Saxena,9000010028,nandini.s@testmail.com,Bhopal,Policy Intern
Aman Bansal,9000010029,aman.b@testmail.com,Rohtak,Supply Chain Exec
Divya Pillai,9000010030,divya.p@testmail.com,Alappuzha,QA Engineer